<?xml version="1.0" encoding="UTF-8"?>
<service id="message-service" class="flex.messaging.services.MessageService">

    <adapters>
        <adapter-definition id="actionscript" class="flex.messaging.services.messaging.adapters.ActionScriptAdapter" default="true" />
        <adapter-definition id="jms" class="flex.messaging.services.messaging.adapters.JMSAdapter"/>
    </adapters>
    
    <default-channels>
		<channel ref="my-streaming-amf"/>
		<channel ref="my-polling-amf"/>
    </default-channels>

    <destination id="feed">
    	<!-- Destination specific channel configuration can be defined if needed
        <channels>
            <channel ref="my-streaming-amf"/>
        </channels>        
         -->
    </destination>

    <destination id="chat"/>

    <destination id="dashboard"/>
    
    <destination id="market-data-feed">
        <properties>
            <server>
                <allow-subtopics>true</allow-subtopics>
                <subtopic-separator>.</subtopic-separator>s
            </server>
        </properties>
        <channels>
			<channel ref="my-polling-amf"/>
			<channel ref="my-streaming-amf"/>
            <channel ref="per-client-qos-polling-amf"/>
        </channels>        
    </destination>    

</service>
