<?xml version="1.0" encoding="UTF-8"?>
<beans xmlns="http://www.springframework.org/schema/beans"
    xmlns:jdbc="http://www.springframework.org/schema/jdbc"
	xmlns:xsi="http://www.w3.org/2001/XMLSchema-instance"
	xsi:schemaLocation="
		http://www.springframework.org/schema/beans
		http://www.springframework.org/schema/beans/spring-beans-3.0.xsd
		http://www.springframework.org/schema/jdbc
        http://www.springframework.org/schema/jdbc/spring-jdbc-3.0.xsd">
 
	<!-- Embedded ActiveMQ broker-->
	<bean id="connectionFactory" class="org.apache.activemq.ActiveMQConnectionFactory">
		<property name="brokerURL" value="vm:(broker:(tcp://localhost:61616)?persistent=false)?marshal=false"/>
	</bean>

	<!--  JMS Topic -->
	<bean id="chatTopic" class="org.apache.activemq.command.ActiveMQTopic">
		<constructor-arg value="sampletopic.flex.jms.chat"/>
	</bean>

	<!-- Create and populate the tables of the embedded database -->
	<bean id="dbInit" class="org.springframework.flex.samples.util.DatabaseInitializer">
		<constructor-arg ref="dataSource" />
	</bean>

	<!--
		Simple Spring-managed DataSource for embedded h2 database
		(http://www.h2database.com). H2 is used instead of HSQLDB in this Test
		Drive because it has better support for retrieving autogenerated keys
		using the JDBC 3 approach which is used by Spring's JdbcTemplate. 
		The dbInit bean takes care of creating and populating the sample tables.
	-->
	<jdbc:embedded-database id="dataSource" type="H2" />

</beans>