<!--
//  
//  ADOBE CONFIDENTIAL
//   
//  $File: //depot/Genie/PrivateBranch/Piyush/GenieTool/GeniePlugin/contexts.xml $
// 
//  Owner: Suman Mehta
//  
//  $Author: psinghal $
//  
//  $DateTime: 2012/03/30 14:22:17 $
//  
//  $Revision: #1 $
//  
//  $Change: 5952 $
//  
//  Copyright 2010 Adobe Systems Incorporated
//  All Rights Reserved.
//  
//  NOTICE:  All information contained herein is, and remains
//  the property of Adobe Systems Incorporated and its suppliers,
//  if any.  The intellectual and technical concepts contained
//  herein are proprietary to Adobe Systems Incorporated and its
//  suppliers and are protected by trade secret or copyright law.
//  Dissemination of this information or reproduction of this material
//  is strictly forbidden unless prior written permission is obtained
//  from Adobe Systems Incorporated.
//  
-->
<contexts>
	<context id="viewer" title="Sample View">
		<description>This is the context help for the sample view with a table viewer. It was generated by a PDE template.</description>
		<topic href="/PLUGINS_ROOT/org.eclipse.platform.doc.isv/guide/ua_help_context.htm" label="Context-sensitive help">
			<enablement>
				<with variable="platform">
	            	<test property="org.eclipse.core.runtime.isBundleInstalled" args="org.eclipse.platform.doc.isv"/>
	     		</with>
			</enablement>
		</topic>
	</context>
</contexts>
