<?xml version="1.0" encoding="UTF-8"?>
<services-config>

    <services>
        <!--
                REMOTING SERVICE
        -->
        <service id="remoting-service" class="flex.messaging.services.RemotingService">

            <adapters>
                <adapter-definition id="java-object" class="flex.messaging.services.remoting.adapters.JavaAdapter" default="true"/>
            </adapters>
       
            <!-- Runtime management console destination -->
            <destination id="RuntimeManagement" channels="amf">
                <properties>
                    <source>flex.management.jmx.MBeanServerGateway</source>
                </properties>
                
                <!-- 
                If running the console on WebSphere with administrative security enabled uncomment this section.  Also, 
                create a User Group called "console_administrator" and add any users that are allowed to use the console to this group.
                These users must also have at least one role that allows them to access MBeans under WebSphere security.  Finally,
                be sure to use the WebSphere login-command below.  
                <security>
                    <security-constraint ref="console"/>
                </security>
                -->                
            </destination>
            
        </service>

    </services>
    
    
        <security>
            <login-command class="flex.messaging.security.TomcatLoginCommand" server="Tomcat"/>        
            <!-- Uncomment the correct app server
            <login-command class="flex.messaging.security.TomcatLoginCommand" server="JBoss">
            <login-command class="flex.messaging.security.JRunLoginCommand" server="JRun"/>       
            <login-command class="flex.messaging.security.WeblogicLoginCommand" server="Weblogic"/>
            <login-command class="flex.messaging.security.WebSphereLoginCommand" server="WebSphere"/>
            -->
        
	        <!--  
	        If running the console on WebSphere with administrative security enabled uncomment this section.  Also, 
	        create a User Group called "console_administrator" and add any users that are allowed to use the console to this group.
	        These users must also have at least one role that allows them to access MBeans under WebSphere security.  Finally,
	        be sure to use the WebSphere login-command above.  
	        <security-constraint id="console">
	            <auth-method>Basic</auth-method>
	            <roles>
	                <role>console_administrator</role>
           	    </roles>
           	</security-constraint>
           	-->        
        </security>


    <channels>

        <channel-definition id="amf" class="mx.messaging.channels.AMFChannel">
            <endpoint url="http://{server.name}:{server.port}/{context.root}/messagebroker/amf" class="flex.messaging.endpoints.AMFEndpoint"/>
            <properties>
                <polling-enabled>false</polling-enabled>
            </properties>
        </channel-definition>

    </channels>

    <logging>

        <!-- You may also use flex.messaging.log.ServletLogTarget -->
        <target class="flex.messaging.log.ConsoleTarget" level="Error">
            <properties>
                <prefix>[BlazeDS] </prefix>
                <includeDate>false</includeDate>
                <includeTime>false</includeTime>
                <includeLevel>true</includeLevel>
                <includeCategory>true</includeCategory>
            </properties>
            <filters>
                <pattern>Endpoint.*</pattern>
            </filters>
        </target>

    </logging>

    <system>
        <redeploy>
            <enabled>true</enabled>
            <watch-interval>20</watch-interval>
            <watch-file>{context.root}/WEB-INF/flex/services-config.xml</watch-file>
            <touch-file>{context.root}/WEB-INF/web.xml</touch-file>
        </redeploy>
    </system>

</services-config>
